,Unnamed: 0,Unnamed: 0.1,Unnamed: 0.1.1,ID,NAME,EQUATION,EC-NUMBER,GENE ASSOCIATION,LOWER BOUND,UPPER BOUND,OBJECTIVE,COMPARTMENT,SUBSYSTEM,MIRIAM,REPLACEMENT ID,REACTIONID,SUBSTRATES,PRODUCTS,CSUBSTRATE,CPRODUCT,KM,isinhibited,KI,verified
0,0,0,86,R01021_c,ATP:choline phosphotransferase,ATP[c] + Choline[c] <=> ADP[c] + Choline phosphate[c],2.7.1.32,PF3D7_1401800,-50.0,50,,,Glycerophospholipid metabolism,,,R01021,"ATP[c], Choline[c]","ADP[c], Choline phosphate[c]","0002, C001","00008, C0058",,,,
1,1,1,108,R01280_c,Palmitate:CoA ligase (AMP-forming),ATP[c] + CoA[c] + H+[c] + Hexadecanoic acid[c] <=> Diphosphate[c] + AMP[c] + Palmitoyl-CoA[c],6.2.1.3,PF3D7_0525100,-50.0,50,,,Fatty acid degradation,,,R01280,"ATP[c], CoA[c], H+[c], Hexadecanoic acid[c]","Diphosphate[c], AMP[c], Palmitoyl-CoA[c]","0002, C00010, C00080, C002","00013, C00020, C0015",,,,
2,2,2,116,R01468_c,ATP:ethanolamine O-phosphotransferase,ATP[c] + Ethanolamine[c] <=> ADP[c] + Ethanolamine phosphate[c],2.7.1.82,PF3D7_1124600,-50.0,50,,,Glycerophospholipid metabolism,,,R01468,"ATP[c], Ethanolamine[c]","ADP[c], Ethanolamine phosphate[c]","0002, C001","00008, C0034",,,,
3,3,3,118,R01515_c,3-Phospho-D-glyceroyl phosphate phosphohydrolase,H2O[c] + 3-Phospho-D-glyceroyl phosphate[c] <=> Orthophosphate[c] + 2 H+[c] + 3-Phospho-D-glycerate[c],3.6.1.7,PF3D7_1111500,-50.0,50,,,Glycerolipid metabolism,,,R01515,"H2O[c], 3-Phospho-D-glyceroyl phosphate[c]","Orthophosphate[c], 2 H+[c], 3-Phospho-D-glycerate[c]","0001, C002","00009, C0019",,,,
4,4,4,124,R01625_c,CoA:apo-[acyl-carrier-protein] pantetheinephosphotransferase,"CoA[c] + Apo-[acyl-carrier-protein][c] <=> Adenosine 3',5'-bisphosphate[c] + Acyl-carrier protein[c]",2.7.8.7         2.7.8.-,PF3D7_0420200,0.0,50,,,Fatty acid metabolism,,,R01625,"CoA[c], Apo-[acyl-carrier-protein][c]","Adenosine 3,5-bisphosphate[c], Acyl-carrier protein[c]","0010, C036",0022,,,,
5,5,5,132,R01799_c,CTP:phosphatidate cytidyltransferase,CTP[c] + Phosphatidate[c] <=> Diphosphate[c] + CDP-diacylglycerol[c],2.7.7.41,PF3D7_1409900,-50.0,50,,,Glycerophospholipid metabolism,,,R01799,"CTP[c], Phosphatidate[c]","Diphosphate[c], CDP-diacylglycerol[c]","0063, C004","00013, C0026",,,,
6,6,6,139,R01890_c,CTP:choline-phosphate cytidylyltransferase,CTP[c] + Choline phosphate[c] <=> Diphosphate[c] + CDP-choline[c],2.7.7.15,PF3D7_1316600,-50.0,50,,,Glycerophospholipid metabolism,,,R01890,"CTP[c], Choline phosphate[c]","Diphosphate[c], CDP-choline[c]","0063, C005","00013, C0030",,,,
7,7,7,150,R02030_c,CDP-diacylglycerol:phosphatidylglycerol 3-phosphatidyltransferase,CDP-diacylglycerol[c] + Phosphatidylglycerol[c] <=> CMP[c] + Cardiolipin[c],2.7.8.-,PF3D7_0609400,-50.0,50,,,Glycerophospholipid metabolism,,,R02030,"CDP-diacylglycerol[c], Phosphatidylglycerol[c]","CMP[c], Cardiolipin[c]","0269, C003","00055, C0598",,,,
8,8,8,152,R02038_c,CTP:ethanolamine-phosphate cytidylyltransferase,CTP[c] + Ethanolamine phosphate[c] <=> Diphosphate[c] + CDP-ethanolamine[c],2.7.7.14,PF3D7_1347700,-50.0,50,,,Glycerophospholipid metabolism,,,R02038,"CTP[c], Ethanolamine phosphate[c]","Diphosphate[c], CDP-ethanolamine[c]","0063, C003","00013, C0057",,,,
9,9,9,171,R02590_c,CTP:choline-phosphate cytidylyltransferase,CTP[c] + H+[c] + N-Trimethyl-2-aminoethylphosphonate[c] <=> Diphosphate[c] + CMP-N-trimethyl-2-aminoethylphosphonate[c],2.7.7.15,PF3D7_1316600,0.0,50,,,Phosphonate and phosphinate metabolism,,,R02590,"CTP[c], H+[c], N-Trimethyl-2-aminoethylphosphonate[c]","Diphosphate[c], CMP-N-trimethyl-2-aminoethylphosphonate[c]","0063, C00080, C064","00013, C0567",,,,
10,10,10,176,R02746_c,1-Acyl-sn-glycero-3-phosphocholine acylhydrolase,H2O[c] + 1-Acyl-sn-glycero-3-phosphocholine[c] <=> H+[c] + Fatty acid[c] + sn-glycero-3-Phosphocholine[c],3.1.1.5,PF3D7_0629300,0.0,50,,,Glycerophospholipid metabolism,,,R02746,"H2O[c], 1-Acyl-sn-glycero-3-phosphocholine[c]","H+[c], Fatty acid[c], sn-glycero-3-Phosphocholine[c]","0001, C042","00080, C0016",,,,
11,11,11,224,R04247_c,CTP:ethanolamine-phosphate cytidylyltransferase,CTP[c] + H+[c] + 2-Aminoethylphosphonate[c] <=> Diphosphate[c] + CMP-2-aminoethylphosphonate[c],2.7.7.14,PF3D7_1347700,-50.0,50,,,Phosphonate and phosphinate metabolism,,,R04247,"CTP[c], H+[c], 2-Aminoethylphosphonate[c]","Diphosphate[c], CMP-2-aminoethylphosphonate[c]","0063, C00080, C035","00013, C0567",,,,
12,12,12,240,R05969_c,UDP-N-acetyl-D-glucosamine:dolichyl-phosphate N-acetyl-D-glucosamine phosphotransferase,UDP-N-acetyl-D-glucosamine[c] + Dolichyl phosphate[c] <=> UMP[c] + G00001[c],2.7.8.15,PF3D7_0321200,-50.0,50,,,N-Glycan biosynthesis,,,R05969,"UDP-N-acetyl-D-glucosamine[c], Dolichyl phosphate[c]","UMP[c], G00001[c]",01,"00105, C0450",,,,
13,13,13,241,R05970_c,,G00001[c] + G10610[c] <=> G00002[c] + G10619[c],2.4.1.141,PF3D7_0806400,-50.0,50,,,N-Glycan biosynthesis,,,R05970,"G00001[c], G10610[c]","G00002[c], G10619[c]","4500, C000","04537, C0001",,,,
14,14,14,242,R05976_c,,Protein asparagine[c] + G00008[c] <=> Dolichyl diphosphate[c] + G00009[c],2.4.99.18,PF3D7_1116600,-50.0,50,,,N-Glycan biosynthesis,,,R05976,"Protein asparagine[c], G00008[c]","Dolichyl diphosphate[c], G00009[c]","3021, G000","00621, G0000",,,,
15,15,15,246,R07390_c,,2 Phosphatidylglycerol[c] <=> Glycerol[c] + Cardiolipin[c],2.7.8.-,PF3D7_0609400,-50.0,50,,,Glycerophospholipid metabolism,,,R07390,2 Phosphatidylglycerol[c],"Glycerol[c], Cardiolipin[c]",,"00116, C0598",,,,
16,16,16,313,R00014_a,pyruvate:thiamin diphosphate acetaldehydetransferase (decarboxylating),Pyruvate[a] + Thiamin diphosphate[a] + H+[a] <=> CO2[a] + 2-(alpha-Hydroxyethyl)thiamine diphosphate[a],1.2.4.1         2.2.1.6         4.1.1.1,PF3D7_1124500:PF3D7_1446400,0.0,50,,,Isoprenoid metabolism,,,R00014,"Pyruvate[a], Thiamin diphosphate[a], H+[a]","CO2[a], 2-(alpha-Hydroxyethyl)thiamine diphosphate[a]","0022, C00068, C000","00011, C0512",,,,
17,17,17,318,R00200_a,ATP:pyruvate 2-O-phosphotransferase,ATP[a] + Pyruvate[a] <=> ADP[a] + Phosphoenolpyruvate[a],2.7.1.40,PF3D7_1037100,-50.0,50,,,Isoprenoid metabolism,,,R00200,"ATP[a], Pyruvate[a]","ADP[a], Phosphoenolpyruvate[a]","0002, C000","00008, C0007",,,,
18,18,18,324,R00742_a,Acetyl-CoA:carbon-dioxide ligase (ADP-forming),ATP[a] + Acetyl-CoA[a] + HCO3-[a] <=> ADP[a] + Orthophosphate[a] + H+[a] + Malonyl-CoA[a],6.4.1.2,PF3D7_1469600,-50.0,50,,,Fatty acid metabolism,,,R00742,"ATP[a], Acetyl-CoA[a], HCO3-[a]","ADP[a], Orthophosphate[a], H+[a], Malonyl-CoA[a]","0002, C00024, C002","00008, C00009, C00080, C0008",,,,
19,19,19,325,R00842_a,sn-Glycerol-3-phosphate:NAD+ 2-oxidoreductase,NAD+[a] + sn-Glycerol 3-phosphate[a] <=> NADH[a] + H+[a] + Glycerone phosphate[a],1.1.1.8         1.1.1.94,PF3D7_1114800,-50.0,50,,,Glycerophospholipid metabolism,,,R00842,"NAD+[a], sn-Glycerol 3-phosphate[a]","NADH[a], H+[a], Glycerone phosphate[a]","0003, C000","00004, C00080, C0011",,,,
20,20,20,326,R00851_a,acyl-CoA:sn-glycerol-3-phosphate 1-O-acyltransferase,Acyl-CoA[a] + sn-Glycerol 3-phosphate[a] <=> CoA[a] + 1-Acyl-sn-glycerol 3-phosphate[a],2.3.1.15,PF3D7_1318200,-50.0,50,,,Glycerolipid metabolism,,,R00851,"Acyl-CoA[a], sn-Glycerol 3-phosphate[a]","CoA[a], 1-Acyl-sn-glycerol 3-phosphate[a]","0040, C000","00010, C0068",,,,
21,21,21,329,R01015_a,D-glyceraldehyde-3-phosphate aldose-ketose-isomerase,D-Glyceraldehyde 3-phosphate[a] <=> Glycerone phosphate[a],5.3.1.1,PF3D7_1439900,-50.0,50,,,Isoprenoid metabolism,,,R01015,D-Glyceraldehyde 3-phosphate[a],Glycerone phosphate[a],01,0011,,,,
22,22,22,333,R01280_a,Palmitate:CoA ligase (AMP-forming),ATP[a] + CoA[a] + H+[a] + Hexadecanoic acid[a] <=> Diphosphate[a] + AMP[a] + Palmitoyl-CoA[a],6.2.1.3,PF3D7_1238800,-50.0,50,,,Fatty acid metabolism,,,R01280,"ATP[a], CoA[a], H+[a], Hexadecanoic acid[a]","Diphosphate[a], AMP[a], Palmitoyl-CoA[a]","0002, C00010, C00080, C002","00013, C00020, C0015",,,,
23,23,23,334,R01626_a,Malonyl-CoA:[acyl-carrier-protein] S-malonyltransferase,Malonyl-CoA[a] + Acyl-carrier protein[a] <=> CoA[a] + Malonyl-[acyl-carrier protein][a],2.3.1.39        2.3.1.85        2.3.1.86,PF3D7_1312000,-50.0,50,,,Fatty acid metabolism,,,R01626,"Malonyl-CoA[a], Acyl-carrier protein[a]","CoA[a], Malonyl-[acyl-carrier protein][a]","0083, C002","00010, C0120",,,,
24,24,24,335,R01698_a,Dihydrolipoamide:NAD+ oxidoreductase,NAD+[a] + Dihydrolipoamide[a] <=> NADH[a] + H+[a] + Lipoamide[a],1.8.1.4,PF3D7_0815900,-50.0,50,,,Isoprenoid metabolism,,,R01698,"NAD+[a], Dihydrolipoamide[a]","NADH[a], H+[a], Lipoamide[a]","0003, C005","00004, C00080, C0024",,,,
25,25,25,336,R01699_a,"pyruvate:[dihydrolipoyllysine-residue acetyltransferase]-lipoyllysine 2-oxidoreductase (decarboxylating, acceptor-acetylating)",Pyruvate[a] + H+[a] + Enzyme N6-(lipoyl)lysine[a] <=> CO2[a] + [Dihydrolipoyllysine-residue acetyltransferase] S-acetyldihydrolipoyllysine[a],1.2.4.1,PF3D7_1124500:PF3D7_1446400,0.0,50,,,Isoprenoid metabolism,,,R01699,"Pyruvate[a], H+[a], Enzyme N6-(lipoyl)lysine[a]","CO2[a], [Dihydrolipoyllysine-residue acetyltransferase] S-acetyldihydrolipoyllysine[a]","0022, C00080, C159","00011, C1625",,,,
26,26,26,339,R01977_a,(R)-3-Hydroxybutanoyl-CoA:NADP+ oxidoreductase,NADP+[a] + (R)-3-Hydroxybutanoyl-CoA[a] <=> NADPH[a] + H+[a] + Acetoacetyl-CoA[a],1.1.1.36,PF3D7_0922900,-50.0,50,,,Fatty acid metabolism,,,R01977,"NADP+[a], (R)-3-Hydroxybutanoyl-CoA[a]","NADPH[a], H+[a], Acetoacetyl-CoA[a]","0006, C035","00005, C00080, C0033",,,,
27,27,27,341,R02569_a,acetyl-CoA:enzyme N6-(dihydrolipoyl)lysine S-acetyltransferase,Acetyl-CoA[a] + Enzyme N6-(dihydrolipoyl)lysine[a] <=> CoA[a] + [Dihydrolipoyllysine-residue acetyltransferase] S-acetyldihydrolipoyllysine[a],2.3.1.12,PF3D7_1020800,-50.0,50,,,Isoprenoid metabolism,,,R02569,"Acetyl-CoA[a], Enzyme N6-(dihydrolipoyl)lysine[a]","CoA[a], [Dihydrolipoyllysine-residue acetyltransferase] S-acetyldihydrolipoyllysine[a]","0024, C159","00010, C1625",,,,
28,28,28,345,R03270_a,,2-(alpha-Hydroxyethyl)thiamine diphosphate[a] + Enzyme N6-(lipoyl)lysine[a] <=> Thiamin diphosphate[a] + [Dihydrolipoyllysine-residue acetyltransferase] S-acetyldihydrolipoyllysine[a],1.2.4.1,PF3D7_1124500:PF3D7_1446400,-50.0,50,,,Isoprenoid metabolism,,,R03270,"2-(alpha-Hydroxyethyl)thiamine diphosphate[a], Enzyme N6-(lipoyl)lysine[a]","Thiamin diphosphate[a], [Dihydrolipoyllysine-residue acetyltransferase] S-acetyldihydrolipoyllysine[a]","5125, C159","00068, C1625",,,,
29,29,29,365,R04355_a,Acyl-[acyl-carrier-protein]:malonyl-[acyl-carrier-protein] C-acyltransferase (decarboxylating),H+[a] + Malonyl-[acyl-carrier protein][a] + Acetyl-[acyl-carrier protein][a] <=> CO2[a] + Acyl-carrier protein[a] + Acetoacetyl-[acp][a],2.3.1.41        2.3.1.85        2.3.1.86        2.3.1.179       ,PF3D7_0626300,0.0,50,,,Fatty acid metabolism,,,R04355,"H+[a], Malonyl-[acyl-carrier protein][a], Acetyl-[acyl-carrier protein][a]","CO2[a], Acyl-carrier protein[a], Acetoacetyl-[acp][a]","0080, C01209, C039","00011, C00229, C0574",,,,
30,30,30,366,R04385_a,biotin-carboxyl-carrier-protein:carbon-dioxide ligase (ADP-forming),ATP[a] + HCO3-[a] + Holo-[carboxylase][a] <=> ADP[a] + Orthophosphate[a] + H+[a] + Carboxybiotin-carboxyl-carrier protein[a],6.3.4.14,PF3D7_1469600,0.0,50,,,Fatty acid metabolism / biotin (vit B7) dependent,,,R04385,"ATP[a], HCO3-[a], Holo-[carboxylase][a]","ADP[a], Orthophosphate[a], H+[a], Carboxybiotin-carboxyl-carrier protein[a]","0002, C00288, C062","00008, C00009, C00080, C0441",,,,
31,31,31,367,R04386_a,Acetyl-CoA:carbon-dioxide ligase (ADP-forming),Acetyl-CoA[a] + Carboxybiotin-carboxyl-carrier protein[a] <=> Malonyl-CoA[a] + Holo-[carboxylase][a],6.4.1.2,PF3D7_1469600,-50.0,50,,,Fatty acid metabolism / biotin (vit B7) dependent,,,R04386,"Acetyl-CoA[a], Carboxybiotin-carboxyl-carrier protein[a]","Malonyl-CoA[a], Holo-[carboxylase][a]","0024, C044","00083, C0625",,,,
32,32,32,368,R04428_a,(3R)-3-Hydroxybutanoyl-[acyl-carrier-protein] hydro-lyase,(3R)-3-Hydroxybutanoyl-[acyl-carrier protein][a] <=> H2O[a] + But-2-enoyl-[acyl-carrier protein][a],4.2.1.59,PF3D7_1323000,-50.0,50,,,Fatty acid metabolism,,,R04428,(3R)-3-Hydroxybutanoyl-[acyl-carrier protein][a],"H2O[a], But-2-enoyl-[acyl-carrier protein][a]",46,"00001, C0424",,,,
33,33,33,369,R04429_a,"Butyryl-[acyl-carrier protein]:malonyl-CoA C-acyltransferase(decarboxylating, oxoacyl- and enoyl-reducing)",NAD+[a] + Butyryl-[acp][a] <=> NADH[a] + H+[a] + But-2-enoyl-[acyl-carrier protein][a],1.3.1.9         2.3.1.86,PF3D7_0615100,-50.0,50,,,Fatty acid metabolism,,,R04429,"NAD+[a], Butyryl-[acp][a]","NADH[a], H+[a], But-2-enoyl-[acyl-carrier protein][a]","0003, C057","00004, C00080, C0424",,,,
34,34,34,370,R04533_a,(3R)-3-Hydroxybutanoyl-[acyl-carrier protein]:NADP+ oxidoreductase,NADP+[a] + (3R)-3-Hydroxybutanoyl-[acyl-carrier protein][a] <=> NADPH[a] + H+[a] + Acetoacetyl-[acp][a],1.1.1.100       2.3.1.85        2.3.1.86,PF3D7_0922900,-50.0,50,,,Fatty acid metabolism,,,R04533,"NADP+[a], (3R)-3-Hydroxybutanoyl-[acyl-carrier protein][a]","NADPH[a], H+[a], Acetoacetyl-[acp][a]","0006, C046","00005, C00080, C0574",,,,
35,35,35,371,R04534_a,(3R)-3-Hydroxydecanoyl-[acyl-carrier-protein]:NADP+ oxidoreductase,NADP+[a] + (3R)-3-Hydroxydecanoyl-[acyl-carrier protein][a] <=> NADPH[a] + H+[a] + 3-Oxodecanoyl-[acp][a],1.1.1.100       2.3.1.85        2.3.1.86,PF3D7_0922900,-50.0,50,,,Fatty acid metabolism,,,R04534,"NADP+[a], (3R)-3-Hydroxydecanoyl-[acyl-carrier protein][a]","NADPH[a], H+[a], 3-Oxodecanoyl-[acp][a]","0006, C046","00005, C00080, C0575",,,,
36,36,36,372,R04535_a,(3R)-3-Hydroxybutanoyl-[acyl-carrier-protein] hydro-lyase,(3R)-3-Hydroxydecanoyl-[acyl-carrier protein][a] <=> H2O[a] + trans-Dec-2-enoyl-[acp][a],2.3.1.85        2.3.1.86        4.2.1.59,PF3D7_1323000,-50.0,50,,,Fatty acid metabolism,,,R04535,(3R)-3-Hydroxydecanoyl-[acyl-carrier protein][a],"H2O[a], trans-Dec-2-enoyl-[acp][a]",46,"00001, C0575",,,,
37,37,37,373,R04536_a,(3R)-3-Hydroxyoctanoyl-[acyl-carrier-protein]:NADP+ oxidoreductase,NADP+[a] + (3R)-3-Hydroxyoctanoyl-[acyl-carrier protein][a] <=> NADPH[a] + H+[a] + 3-Oxooctanoyl-[acp][a],1.1.1.100       2.3.1.85        2.3.1.86,PF3D7_0922900,-50.0,50,,,Fatty acid metabolism,,,R04536,"NADP+[a], (3R)-3-Hydroxyoctanoyl-[acyl-carrier protein][a]","NADPH[a], H+[a], 3-Oxooctanoyl-[acp][a]","0006, C046","00005, C00080, C0575",,,,
38,38,38,374,R04537_a,(3R)-3-Hydroxybutanoyl-[acyl-carrier-protein] hydro-lyase;,(3R)-3-Hydroxyoctanoyl-[acyl-carrier protein][a] <=> H2O[a] + trans-Oct-2-enoyl-[acp][a],2.3.1.85        2.3.1.86        4.2.1.59,PF3D7_1323000,-50.0,50,,,Fatty acid metabolism,,,R04537,(3R)-3-Hydroxyoctanoyl-[acyl-carrier protein][a],"H2O[a], trans-Oct-2-enoyl-[acp][a]",46,"00001, C0575",,,,
39,39,39,375,R04543_a,(3R)-3-Hydroxypalmitoyl-[acyl-carrier-protein]:NADP+ oxidoreductase,NADP+[a] + (3R)-3-Hydroxypalmitoyl-[acyl-carrier protein][a] <=> NADPH[a] + H+[a] + 3-Oxohexadecanoyl-[acp][a],1.1.1.100       2.3.1.85        2.3.1.86,PF3D7_0922900,-50.0,50,,,Fatty acid metabolism,,,R04543,"NADP+[a], (3R)-3-Hydroxypalmitoyl-[acyl-carrier protein][a]","NADPH[a], H+[a], 3-Oxohexadecanoyl-[acp][a]","0006, C046","00005, C00080, C0576",,,,
40,40,40,376,R04544_a,(3R)-3-Hydroxypalmitoyl-[acyl-carrier-protein] hydro-lyase,(3R)-3-Hydroxypalmitoyl-[acyl-carrier protein][a] <=> H2O[a] + trans-Hexadec-2-enoyl-[acp][a],2.3.1.85        2.3.1.86        4.2.1.59,PF3D7_1323000,-50.0,50,,,Fatty acid metabolism,,,R04544,(3R)-3-Hydroxypalmitoyl-[acyl-carrier protein][a],"H2O[a], trans-Hexadec-2-enoyl-[acp][a]",46,"00001, C0576",,,,
41,41,41,377,R04566_a,(3R)-3-Hydroxytetradecanoyl-[acyl-carrier-protein]:NADP+ oxidoreductase,NADP+[a] + (3R)-3-Hydroxytetradecanoyl-[acyl-carrier protein][a] <=> NADPH[a] + H+[a] + 3-Oxotetradecanoyl-[acp][a],1.1.1.100       2.3.1.85        2.3.1.86,PF3D7_0922900,-50.0,50,,,Fatty acid metabolism,,,R04566,"NADP+[a], (3R)-3-Hydroxytetradecanoyl-[acyl-carrier protein][a]","NADPH[a], H+[a], 3-Oxotetradecanoyl-[acp][a]","0006, C046","00005, C00080, C0575",,,,
42,42,42,378,R04568_a,(3R)-3-Hydroxypalmitoyl-[acyl-carrier-protein] hydro-lyase,(3R)-3-Hydroxytetradecanoyl-[acyl-carrier protein][a] <=> H2O[a] + trans-Tetradec-2-enoyl-[acp][a],2.3.1.85        2.3.1.86        4.2.1.59,PF3D7_1323000,-50.0,50,,,Fatty acid metabolism,,,R04568,(3R)-3-Hydroxytetradecanoyl-[acyl-carrier protein][a],"H2O[a], trans-Tetradec-2-enoyl-[acp][a]",46,"00001, C0576",,,,
43,43,43,379,R04724_a,"Dodecanoyl-[acyl-carrier protein]:malonyl-CoA C-acyltransferase(decarboxylating, oxoacyl- and enoyl-reducing)",NAD+[a] + Dodecanoyl-[acyl-carrier protein][a] <=> NADH[a] + H+[a] + trans-Dodec-2-enoyl-[acp][a],1.3.1.9         2.3.1.86,PF3D7_0615100,-50.0,50,,,Fatty acid metabolism,,,R04724,"NAD+[a], Dodecanoyl-[acyl-carrier protein][a]","NADH[a], H+[a], trans-Dodec-2-enoyl-[acp][a]","0003, C052","00004, C00080, C0575",,,,
44,44,44,380,R04726_a,dodecanoyl-[acyl-carrier-protein]:malonyl-[acyl-carrier-protein] C-acyltransferase (decarboxylating),H+[a] + Malonyl-[acyl-carrier protein][a] + Dodecanoyl-[acyl-carrier protein][a] <=> CO2[a] + Acyl-carrier protein[a] + 3-Oxotetradecanoyl-[acp][a],2.3.1.41        2.3.1.85        2.3.1.86        2.3.1.179       ,PF3D7_0626300,0.0,50,,,Fatty acid metabolism,,,R04726,"H+[a], Malonyl-[acyl-carrier protein][a], Dodecanoyl-[acyl-carrier protein][a]","CO2[a], Acyl-carrier protein[a], 3-Oxotetradecanoyl-[acp][a]","0080, C01209, C052","00011, C00229, C0575",,,,
45,45,45,382,R04952_a,butyryl-[acyl-carrier protein]:malonyl-[acyl-carrier-protein] C-acyltransferase (decarboxylating),H+[a] + Malonyl-[acyl-carrier protein][a] + Butyryl-[acp][a] <=> CO2[a] + Acyl-carrier protein[a] + 3-Oxohexanoyl-[acp][a],2.3.1.41        2.3.1.85        2.3.1.86        2.3.1.179       ,PF3D7_0626300,0.0,50,,,Fatty acid metabolism,,,R04952,"H+[a], Malonyl-[acyl-carrier protein][a], Butyryl-[acp][a]","CO2[a], Acyl-carrier protein[a], 3-Oxohexanoyl-[acp][a]","0080, C01209, C057","00011, C00229, C0574",,,,
46,46,46,383,R04953_a,(3R)-3-Hydroxyhexanoyl-[acyl-carrier-protein]:NADP+ oxidoreductase,NADP+[a] + (R)-3-Hydroxyhexanoyl-[acp][a] <=> NADPH[a] + H+[a] + 3-Oxohexanoyl-[acp][a],1.1.1.100       2.3.1.85        2.3.1.86,PF3D7_0922900,-50.0,50,,,Fatty acid metabolism,,,R04953,"NADP+[a], (R)-3-Hydroxyhexanoyl-[acp][a]","NADPH[a], H+[a], 3-Oxohexanoyl-[acp][a]","0006, C057","00005, C00080, C0574",,,,
47,47,47,384,R04954_a,(3R)-3-Hydroxybutanoyl-[acyl-carrier-protein] hydro-lyase,(R)-3-Hydroxyhexanoyl-[acp][a] <=> H2O[a] + trans-Hex-2-enoyl-[acp][a],2.3.1.85        2.3.1.86        4.2.1.59,PF3D7_1323000,-50.0,50,,,Fatty acid metabolism,,,R04954,(R)-3-Hydroxyhexanoyl-[acp][a],"H2O[a], trans-Hex-2-enoyl-[acp][a]",57,"00001, C0574",,,,
48,48,48,385,R04955_a,"Hexanoyl-[acyl-carrier protein]:malonyl-CoA C-acyltransferase(decarboxylating, oxoacyl- and enoyl-reducing)",NAD+[a] + Hexanoyl-[acp][a] <=> NADH[a] + H+[a] + trans-Hex-2-enoyl-[acp][a],1.3.1.9         2.3.1.86,PF3D7_0615100,-50.0,50,,,Fatty acid metabolism,,,R04955,"NAD+[a], Hexanoyl-[acp][a]","NADH[a], H+[a], trans-Hex-2-enoyl-[acp][a]","0003, C057","00004, C00080, C0574",,,,
49,49,49,386,R04957_a,hexanoyl-[acyl-carrier protein]:malonyl-[acyl-carrier-protein] C-acyltransferase (decarboxylating),H+[a] + Malonyl-[acyl-carrier protein][a] + Hexanoyl-[acp][a] <=> CO2[a] + Acyl-carrier protein[a] + 3-Oxooctanoyl-[acp][a],2.3.1.41        2.3.1.85        2.3.1.86        2.3.1.179       ,PF3D7_0626300,0.0,50,,,Fatty acid metabolism,,,R04957,"H+[a], Malonyl-[acyl-carrier protein][a], Hexanoyl-[acp][a]","CO2[a], Acyl-carrier protein[a], 3-Oxooctanoyl-[acp][a]","0080, C01209, C057","00011, C00229, C0575",,,,
50,50,50,387,R04958_a,"Octanoyl-[acyl-carrier protein]:malonyl-CoA C-acyltransferase(decarboxylating, oxoacyl- and enoyl-reducing)",NAD+[a] + Octanoyl-[acp][a] <=> NADH[a] + H+[a] + trans-Oct-2-enoyl-[acp][a],1.3.1.9         2.3.1.86,PF3D7_0615100,-50.0,50,,,Fatty acid metabolism,,,R04958,"NAD+[a], Octanoyl-[acp][a]","NADH[a], H+[a], trans-Oct-2-enoyl-[acp][a]","0003, C057","00004, C00080, C0575",,,,
51,51,51,388,R04960_a,Octanoyl-[acyl-carrier protein]:malonyl-[acyl-carrier-protein] C-acyltransferase (decarboxylating),H+[a] + Malonyl-[acyl-carrier protein][a] + Octanoyl-[acp][a] <=> CO2[a] + Acyl-carrier protein[a] + 3-Oxodecanoyl-[acp][a],2.3.1.41        2.3.1.85        2.3.1.86        2.3.1.179       ,PF3D7_0626300,0.0,50,,,Fatty acid metabolism,,,R04960,"H+[a], Malonyl-[acyl-carrier protein][a], Octanoyl-[acp][a]","CO2[a], Acyl-carrier protein[a], 3-Oxodecanoyl-[acp][a]","0080, C01209, C057","00011, C00229, C0575",,,,
52,52,52,389,R04961_a,"Decanoyl-[acyl-carrier protein]:malonyl-CoA C-acyltransferase(decarboxylating, oxoacyl- and enoyl-reducing)",NAD+[a] + Decanoyl-[acp][a] <=> NADH[a] + H+[a] + trans-Dec-2-enoyl-[acp][a],1.3.1.9         2.3.1.86,PF3D7_0615100,-50.0,50,,,Fatty acid metabolism,,,R04961,"NAD+[a], Decanoyl-[acp][a]","NADH[a], H+[a], trans-Dec-2-enoyl-[acp][a]","0003, C057","00004, C00080, C0575",,,,
53,53,53,390,R04963_a,Decanoyl-[acyl-carrier protein]:malonyl-[acyl-carrier-protein] C-acyltransferase (decarboxylating),H+[a] + Malonyl-[acyl-carrier protein][a] + Decanoyl-[acp][a] <=> CO2[a] + Acyl-carrier protein[a] + 3-Oxododecanoyl-[acp][a],2.3.1.41        2.3.1.85        2.3.1.86        2.3.1.179       ,PF3D7_0626300,0.0,50,,,Fatty acid metabolism,,,R04963,"H+[a], Malonyl-[acyl-carrier protein][a], Decanoyl-[acp][a]","CO2[a], Acyl-carrier protein[a], 3-Oxododecanoyl-[acp][a]","0080, C01209, C057","00011, C00229, C0575",,,,
54,54,54,391,R04964_a,(3R)-3-Hydroxydodecanoyl-[acyl-carrier-protein]:NADP+ oxidoreductase,NADP+[a] + (R)-3-Hydroxydodecanoyl-[acp][a] <=> NADPH[a] + H+[a] + 3-Oxododecanoyl-[acp][a],1.1.1.100       2.3.1.85        2.3.1.86,PF3D7_0922900,-50.0,50,,,Fatty acid metabolism,,,R04964,"NADP+[a], (R)-3-Hydroxydodecanoyl-[acp][a]","NADPH[a], H+[a], 3-Oxododecanoyl-[acp][a]","0006, C057","00005, C00080, C0575",,,,
55,55,55,392,R04965_a,(3R)-3-Hydroxybutanoyl-[acyl-carrier-protein] hydro-lyase,(R)-3-Hydroxydodecanoyl-[acp][a] <=> H2O[a] + trans-Dodec-2-enoyl-[acp][a],2.3.1.85        2.3.1.86        4.2.1.59,PF3D7_1323000,-50.0,50,,,Fatty acid metabolism,,,R04965,(R)-3-Hydroxydodecanoyl-[acp][a],"H2O[a], trans-Dodec-2-enoyl-[acp][a]",57,"00001, C0575",,,,
56,56,56,393,R04966_a,"Tetradecanoyl-[acyl-carrier protein]:malonyl-CoA C-acyltransferase(decarboxylating, oxoacyl- and enoyl-reducing)",NAD+[a] + Tetradecanoyl-[acp][a] <=> NADH[a] + H+[a] + trans-Tetradec-2-enoyl-[acp][a],1.3.1.9         2.3.1.86,PF3D7_0615100,-50.0,50,,,Fatty acid metabolism,,,R04966,"NAD+[a], Tetradecanoyl-[acp][a]","NADH[a], H+[a], trans-Tetradec-2-enoyl-[acp][a]","0003, C057","00004, C00080, C0576",,,,
57,57,57,394,R04968_a,Tetradecanoyl-[acyl-carrier protein]:malonyl-[acyl-carrier-protein] C-acyltransferase (decarboxylating),H+[a] + Malonyl-[acyl-carrier protein][a] + Tetradecanoyl-[acp][a] <=> CO2[a] + Acyl-carrier protein[a] + 3-Oxohexadecanoyl-[acp][a],2.3.1.41        2.3.1.85        2.3.1.86        2.3.1.179       ,PF3D7_0626300,0.0,50,,,Fatty acid metabolism,,,R04968,"H+[a], Malonyl-[acyl-carrier protein][a], Tetradecanoyl-[acp][a]","CO2[a], Acyl-carrier protein[a], 3-Oxohexadecanoyl-[acp][a]","0080, C01209, C057","00011, C00229, C0576",,,,
58,58,58,395,R04969_a,"Hexadecanoyl-[acyl-carrier protein]:malonyl-CoA C-acyltransferase(decarboxylating, oxoacyl- and enoyl-reducing)",NAD+[a] + Hexadecanoyl-[acp][a] <=> NADH[a] + H+[a] + trans-Hexadec-2-enoyl-[acp][a],1.3.1.9         2.3.1.86,PF3D7_0615100,-50.0,50,,,Fatty acid metabolism,,,R04969,"NAD+[a], Hexadecanoyl-[acp][a]","NADH[a], H+[a], trans-Hexadec-2-enoyl-[acp][a]","0003, C057","00004, C00080, C0576",,,,
59,59,59,399,R05634_a,ATP:4-(Cytidine 5'-diphospho)-2-C-methyl-D-erythritol 2-phosphotransferase,ATP[a] + 4-(Cytidine 5'-diphospho)-2-C-methyl-D-erythritol[a] <=> ADP[a] + 2-Phospho-4-(cytidine 5'-diphospho)-2-C-methyl-D-erythritol[a],2.7.1.148,PF3D7_0503100,-50.0,50,,,Isoprenoid metabolism,,,R05634,"ATP[a], 4-(Cytidine 5-diphospho)-2-C-methyl-D-erythritol[a]","ADP[a], 2-Phospho-4-(cytidine 5-diphospho)-2-C-methyl-D-erythritol[a]",00,0000,,,,
60,60,60,400,R05636_a,1-Deoxy-D-xylulose-5-phosphate pyruvate-lyase (carboxylating),Pyruvate[a] + H+[a] + D-Glyceraldehyde 3-phosphate[a] <=> CO2[a] + 1-Deoxy-D-xylulose 5-phosphate[a],2.2.1.7,PF3D7_1337200,-50.0,50,,,Isoprenoid metabolism,,,R05636,"Pyruvate[a], H+[a], D-Glyceraldehyde 3-phosphate[a]","CO2[a], 1-Deoxy-D-xylulose 5-phosphate[a]","0022, C00080, C001","00011, C1143",,,,
61,61,61,402,R05688_a,1-Deoxy-D-xylulose-5-phosphate isomeroreductase,NADP+[a] + 2-C-Methyl-D-erythritol 4-phosphate[a] <=> NADPH[a] + H+[a] + 1-Deoxy-D-xylulose 5-phosphate[a],1.1.1.267,PF3D7_1467300,-50.0,50,,,Isoprenoid metabolism,,,R05688,"NADP+[a], 2-C-Methyl-D-erythritol 4-phosphate[a]","NADPH[a], H+[a], 1-Deoxy-D-xylulose 5-phosphate[a]","0006, C114","00005, C00080, C1143",,,,
62,62,62,403,R05884_a,isopentenyl-diphosphate:NAD(P)+ oxidoreductase,NADPH[a] + H+[a] + 1-Hydroxy-2-methyl-2-butenyl 4-diphosphate[a] <=> H2O[a] + NADP+[a] + Isopentenyl diphosphate[a],1.17.1.2,PF3D7_0104400,-50.0,50,,,Isoprenoid metabolism,,,R05884,"NADPH[a], H+[a], 1-Hydroxy-2-methyl-2-butenyl 4-diphosphate[a]","H2O[a], NADP+[a], Isopentenyl diphosphate[a]","0005, C00080, C118","00001, C00006, C0012",,,,
63,63,63,406,R07219_a,dimethyallyl diphosphate:NADP+ oxidoreductase,H2O[a] + NADP+[a] + Dimethylallyl diphosphate[a] <=> NADPH[a] + H+[a] + 1-Hydroxy-2-methyl-2-butenyl 4-diphosphate[a],1.17.1.2,PF3D7_0104400,-50.0,50,,,Isoprenoid metabolism,,,R07219,"H2O[a], NADP+[a], Dimethylallyl diphosphate[a]","NADPH[a], H+[a], 1-Hydroxy-2-methyl-2-butenyl 4-diphosphate[a]","0001, C00006, C002","00005, C00080, C1181",,,,
64,64,64,407,R07618_a,enzyme N6-(dihydrolipoyl)lysine:NAD+ oxidoreductase,NAD+[a] + Enzyme N6-(dihydrolipoyl)lysine[a] <=> NADH[a] + H+[a] + Enzyme N6-(lipoyl)lysine[a],1.8.1.4,PF3D7_0815900,-50.0,50,,,Isoprenoid metabolism,,,R07618,"NAD+[a], Enzyme N6-(dihydrolipoyl)lysine[a]","NADH[a], H+[a], Enzyme N6-(lipoyl)lysine[a]","0003, C159","00004, C00080, C1597",,,,
65,65,65,408,R07759_a,,NADPH[a] + H+[a] + 3-Oxostearoyl-CoA[a] <=> NADP+[a] + 3-Hydroxyoctadecanoyl-CoA[a],1.1.1.330,PF3D7_0922900,0.0,50,,,Fatty acid metabolism,,,R07759,"NADPH[a], H+[a], 3-Oxostearoyl-CoA[a]","NADP+[a], 3-Hydroxyoctadecanoyl-CoA[a]","0005, C00080, C162","00006, C1621",,,,
66,66,66,409,R07762_a,,Malonyl-[acyl-carrier protein][a] + Hexadecanoyl-[acp][a] <=> CO2[a] + Acyl-carrier protein[a] + 3-Oxostearoyl-[acp][a],2.3.1.41        2.3.1.179       2.3.1.199,PF3D7_0626300,-50.0,50,,,Fatty acid metabolism,,,R07762,"Malonyl-[acyl-carrier protein][a], Hexadecanoyl-[acp][a]","CO2[a], Acyl-carrier protein[a], 3-Oxostearoyl-[acp][a]","1209, C057","00011, C00229, C1621",,,,
67,67,67,410,R07763_a,,NADPH[a] + H+[a] + 3-Oxostearoyl-[acp][a] <=> NADP+[a] + 3-Hydroxyoctadecanoyl-[acp][a],1.1.1.100,PF3D7_0922900,-50.0,50,,,Fatty acid metabolism,,,R07763,"NADPH[a], H+[a], 3-Oxostearoyl-[acp][a]","NADP+[a], 3-Hydroxyoctadecanoyl-[acp][a]","0005, C00080, C162",0000,,,,
68,68,68,411,R07764_a,,3-Hydroxyoctadecanoyl-[acp][a] <=> H2O[a] + (2E)-Octadecenoyl-[acp][a],4.2.1.134,PF3D7_1323000,-50.0,50,,,Fatty acid metabolism,,,R07764,3-Hydroxyoctadecanoyl-[acp][a],"H2O[a], (2E)-Octadecenoyl-[acp][a]",,"00001, C1622",,,,
69,69,69,412,R07765_a,,NADH[a] + H+[a] + (2E)-Octadecenoyl-[acp][a] <=> NAD+[a] + Octadecanoyl-[acyl-carrier protein][a],1.3.1.93,PF3D7_0615100,-50.0,50,,,Fatty acid metabolism,,,R07765,"NADH[a], H+[a], (2E)-Octadecenoyl-[acp][a]","NAD+[a], Octadecanoyl-[acyl-carrier protein][a]","0004, C00080, C162","00003, C0408",,,,
70,70,70,413,R07766_a,octanoyl-[acp]:protein N6-octanoyltransferase,Octanoyl-[acp][a] + Apoprotein[a] <=> Acyl-carrier protein[a] + Protein N6-(octanoyl)lysine[a],2.3.1.181,PF3D7_0823600,-50.0,50,,,Lipoic acid metabolism,,,R07766,"Octanoyl-[acp][a], Apoprotein[a]","Acyl-carrier protein[a], Protein N6-(octanoyl)lysine[a]","5752, C162","00229, C1623",,,,
71,71,71,414,R07767_a,protein N6-(octanoyl)lysine:sulfur sulfurtransferase,2 S-Adenosyl-L-methionine[a] + Protein N6-(octanoyl)lysine[a] + 2 Sulfur donor[a] <=> 2 L-Methionine[a] + 2 5'-Deoxyadenosine[a] + Protein N6-(lipoyl)lysine[a],2.8.1.8,PF3D7_1344600,-50.0,50,,,Lipoic acid metabolism,,,R07767,"2 S-Adenosyl-L-methionine[a], Protein N6-(octanoyl)lysine[a], 2 Sulfur donor[a]","2 L-Methionine[a], 2 5-Deoxyadenosine[a], Protein N6-(lipoyl)lysine[a]",62,1623,,,,
72,72,72,415,R07768_a,octanoyl-[acp]:sulfur sulfurtransferase,2 S-Adenosyl-L-methionine[a] + Octanoyl-[acp][a] + 2 Sulfur donor[a] <=> 2 L-Methionine[a] + 2 5'-Deoxyadenosine[a] + Lipoyl-[acp][a],2.8.1.8,PF3D7_1344600,-50.0,50,,,Lipoic acid metabolism,,,R07768,"2 S-Adenosyl-L-methionine[a], Octanoyl-[acp][a], 2 Sulfur donor[a]","2 L-Methionine[a], 2 5-Deoxyadenosine[a], Lipoyl-[acp][a]",57,1623,,,,
73,73,73,416,R07769_a,lipoyl-[acp]:protein N6-lipoyltransferase,Lipoyl-[acp][a] + Apoprotein[a] <=> Acyl-carrier protein[a] + Protein N6-(lipoyl)lysine[a],2.3.1.181,PF3D7_0823600,-50.0,50,,,Lipoic acid metabolism,,,R07769,"Lipoyl-[acp][a], Apoprotein[a]","Acyl-carrier protein[a], Protein N6-(lipoyl)lysine[a]","6239, C162","00229, C1623",,,,
74,74,74,417,R07770_a,ATP:lipoate adenylyltransferase,ATP[a] + H+[a] + Lipoate[a] <=> Diphosphate[a] + Lipoyl-AMP[a],2.7.7.63,PF3D7_0923600,-50.0,50,,,Lipoic acid metabolism,,,R07770,"ATP[a], H+[a], Lipoate[a]","Diphosphate[a], Lipoyl-AMP[a]","0002, C00080, C007","00013, C1623",,,,
75,75,75,418,R07771_a,,Lipoyl-AMP[a] + Apoprotein[a] <=> AMP[a] + Protein N6-(lipoyl)lysine[a],2.7.7.63,PF3D7_0923600,-50.0,50,,,Lipoic acid metabolism,,,R07771,"Lipoyl-AMP[a], Apoprotein[a]","AMP[a], Protein N6-(lipoyl)lysine[a]","6238, C162","00020, C1623",,,,
76,76,76,419,R08209_a,isopentenyl-diphosphate:NAD+ oxidoreductase,H2O[a] + NAD+[a] + Isopentenyl diphosphate[a] <=> NADH[a] + H+[a] + 1-Hydroxy-2-methyl-2-butenyl 4-diphosphate[a],1.17.1.2,PF3D7_0104400,-50.0,50,,,Isoprenoid metabolism,,,R08209,"H2O[a], NAD+[a], Isopentenyl diphosphate[a]","NADH[a], H+[a], 1-Hydroxy-2-methyl-2-butenyl 4-diphosphate[a]","0001, C00003, C001","00004, C00080, C1181",,,,
77,77,77,420,R08210_a,,H2O[a] + NAD+[a] + Dimethylallyl diphosphate[a] <=> NADH[a] + H+[a] + 1-Hydroxy-2-methyl-2-butenyl 4-diphosphate[a],1.17.1.2,PF3D7_0104400,-50.0,50,,,Isoprenoid metabolism,,,R08210,"H2O[a], NAD+[a], Dimethylallyl diphosphate[a]","NADH[a], H+[a], 1-Hydroxy-2-methyl-2-butenyl 4-diphosphate[a]","0001, C00003, C002","00004, C00080, C1181",,,,
78,78,78,421,R08689_a,(E)-4-hydroxy-3-methylbut-2-en-1-yl-diphosphate:oxidized ferredoxin oxidoreductase (hydrating),"2 Reduced ferredoxin[a] + 2-C-Methyl-D-erythritol 2,4-cyclodiphosphate[a] <=> H2O[a] + 2 Oxidized ferredoxin[a] + 1-Hydroxy-2-methyl-2-butenyl 4-diphosphate[a]",1.17.7.1,PF3D7_1022800,-50.0,50,,,Isoprenoid metabolism,,,R08689,"2 Reduced ferredoxin[a], 2-C-Methyl-D-erythritol 2,4-cyclodiphosphate[a]","H2O[a], 2 Oxidized ferredoxin[a], 1-Hydroxy-2-methyl-2-butenyl 4-diphosphate[a]",14,"00001, C1181",,,,
79,79,79,424,R09380_a,acyl-ACP:sn-glycerol-3-phosphate 1-O-acyltransferase,sn-Glycerol 3-phosphate[a] + Acyl-[acyl-carrier protein][a] <=> Acyl-carrier protein[a] + 1-Acyl-sn-glycerol 3-phosphate[a],2.3.1.15,PF3D7_1318200,-50.0,50,,,Glycerophospholipid metabolism,,,R09380,"sn-Glycerol 3-phosphate[a], Acyl-[acyl-carrier protein][a]","Acyl-carrier protein[a], 1-Acyl-sn-glycerol 3-phosphate[a]","0093, C001","00229, C0068",,,,
80,80,80,426,R00842_r,sn-Glycerol-3-phosphate:NAD+ 2-oxidoreductase,NAD+[r] + sn-Glycerol 3-phosphate[r] <=> NADH[r] + H+[r] + Glycerone phosphate[r],1.1.1.8         1.1.1.94,PF3D7_1216200,-50.0,50,,,Glycerophospholipid metabolism,,,R00842,"NAD+[r], sn-Glycerol 3-phosphate[r]","NADH[r], H+[r], Glycerone phosphate[r]","0003, C000","00004, C00080, C0011",,,,
81,81,81,427,R00847_r,ATP:glycerol 3-phosphotransferase,ATP[r] + Glycerol[r] <=> ADP[r] + sn-Glycerol 3-phosphate[r],2.7.1.30,PF3D7_1351600,-50.0,50,,,Glycerolipid metabolism,,,R00847,"ATP[r], Glycerol[r]","ADP[r], sn-Glycerol 3-phosphate[r]","0002, C001","00008, C0009",,,,
82,82,82,428,R00851_r,acyl-CoA:sn-glycerol-3-phosphate 1-O-acyltransferase,Acyl-CoA[r] + sn-Glycerol 3-phosphate[r] <=> CoA[r] + 1-Acyl-sn-glycerol 3-phosphate[r],2.3.1.15,PF3D7_1212500,-50.0,50,,,Glycerolipid metabolism,,,R00851,"Acyl-CoA[r], sn-Glycerol 3-phosphate[r]","CoA[r], 1-Acyl-sn-glycerol 3-phosphate[r]","0040, C000","00010, C0068",,,,
83,83,83,429,R01009_r,GDPmannose:dolichyl-phosphate O-beta-D-mannosyltransferase,GDP-mannose[r] + Dolichyl phosphate[r] <=> GDP[r] + Dolichyl phosphate D-mannose[r],2.4.1.83,PF3D7_1141600,-50.0,50,,,N-Glycan biosynthesis,,,R01009,"GDP-mannose[r], Dolichyl phosphate[r]","GDP[r], Dolichyl phosphate D-mannose[r]","0096, C001","00035, C0386",,,,
84,84,84,430,R01281_r,Palmitoyl-CoA:L-serine C-palmitoyltransferase (decarboxylating),L-Serine[r] + H+[r] + Palmitoyl-CoA[r] <=> CoA[r] + CO2[r] + 3-Dehydrosphinganine[r],2.3.1.50,PF3D7_1415700,-50.0,50,,,Sphingolipid metabolism,,,R01281,"L-Serine[r], H+[r], Palmitoyl-CoA[r]","CoA[r], CO2[r], 3-Dehydrosphinganine[r]","0065, C00080, C001","00010, C00011, C0293",,,,
85,85,85,431,R01801_r,CDP-diacylglycerol:sn-glycerol-3-phosphate 3-phosphatidyltransferase,sn-Glycerol 3-phosphate[r] + CDP-diacylglycerol[r] <=> CMP[r] + Phosphatidylglycerophosphate[r],2.7.8.5,PF3D7_0820200,-50.0,50,,,Glycerophospholipid metabolism,,,R01801,"sn-Glycerol 3-phosphate[r], CDP-diacylglycerol[r]","CMP[r], Phosphatidylglycerophosphate[r]","0093, C002","00055, C0389",,,,
86,86,86,432,R01834_r,3-Oxo-5alpha-steroid:(acceptor) delta4-oxidoreductase,"Reduced acceptor[r] + Androstenedione[r] <=> Acceptor[r] + 5alpha-Androstane-3,17-dione[r]",1.3.99.5,PF3D7_1455900,0.0,50,,,Steroid metabolism,,,R01834,"Reduced acceptor[r], Androstenedione[r]","Acceptor[r], 5alpha-Androstane-3,17-dione[r]","0030, C002","00028, C0067",,,,
87,87,87,433,R02055_r,Phsophatidyl-L-serine carboxy-lyase,H+[r] + Phosphatidylserine[r] <=> CO2[r] + Phosphatidylethanolamine[r],4.1.1.65,PF3D7_0927900,-50.0,50,,,Glycerophospholipid metabolism,,,R02055,"H+[r], Phosphatidylserine[r]","CO2[r], Phosphatidylethanolamine[r]","0080, C027","00011, C0035",,,,
88,88,88,434,R02057_r,"CDPethanolamine:1,2-diacylglycerol ethanolaminephosphotransferase","CDP-ethanolamine[r] + 1,2-Diacyl-sn-glycerol[r] <=> CMP[r] + H+[r] + Phosphatidylethanolamine[r]",2.7.8.1,PF3D7_0628300,-50.0,50,,,Glycerophospholipid metabolism,,,R02057,"CDP-ethanolamine[r], 1,2-Diacyl-sn-glycerol[r]","CMP[r], H+[r], Phosphatidylethanolamine[r]","0570, C006","00055, C00080, C0035",,,,
89,89,89,435,R02222_r,"steroyl-CoA,hydrogen-donor:oxygen oxidoreductase",Oxygen[r] + 2 H+[r] + Stearoyl-CoA[r] + 2 Ferrocytochrome b5[r] <=> 2 H2O[r] + Oleoyl-CoA[r] + 2 Ferricytochrome b5[r],1.14.19.1,PF3D7_0511200,0.0,50,,,Fatty acid metabolism,,,R02222,"Oxygen[r], 2 H+[r], Stearoyl-CoA[r], 2 Ferrocytochrome b5[r]","2 H2O[r], Oleoyl-CoA[r], 2 Ferricytochrome b5[r]","0007, C004",0051,,,,
90,90,90,436,R02251_r,"acyl-CoA:1,2-diacyl-sn-glycerol O-acyltransferase","CoA[r] + Triacylglycerol[r] <=> Acyl-CoA[r] + 1,2-Diacyl-sn-glycerol[r]",2.3.1.20,PF3D7_0322300,-50.0,50,,,Glycerolipid metabolism,,,R02251,"CoA[r], Triacylglycerol[r]","Acyl-CoA[r], 1,2-Diacyl-sn-glycerol[r]","0010, C004","00040, C0064",,,,
91,91,91,437,R02497_r,17beta-Hydroxyandrostan-3-one:(acceptor) delta4-oxidoreductase,Reduced acceptor[r] + Testosterone[r] <=> Acceptor[r] + Dihydrotestosterone[r],1.3.1.22,PF3D7_1455900,0.0,50,,,Steroid metabolism,,,R02497,"Reduced acceptor[r], Testosterone[r]","Acceptor[r], Dihydrotestosterone[r]","0030, C005","00028, C0391",,,,
92,92,92,438,R02978_r,Sphinganine:NADP+ 3-oxidoreductase,NADP+[r] + Sphinganine[r] <=> NADPH[r] + H+[r] + 3-Dehydrosphinganine[r],1.1.1.102,PF3D7_0409500,-50.0,50,,,Sphingolipid metabolism,,,R02978,"NADP+[r], Sphinganine[r]","NADPH[r], H+[r], 3-Dehydrosphinganine[r]","0006, C008","00005, C00080, C0293",,,,
93,93,93,440,R04920_r,"CMP-2-aminoethylphosphonate:1,2-diacylglycerol ethanolaminephosphotransferase","1,2-Diacyl-sn-glycerol[r] + CMP-2-aminoethylphosphonate[r] <=> CMP[r] + Diacylglyceryl-2-aminoethylphosphonate[r]",2.7.8.1,PF3D7_0628300,-50.0,50,,,Phosphonate and phosphinate metabolism,,,R04920,"1,2-Diacyl-sn-glycerol[r], CMP-2-aminoethylphosphonate[r]","CMP[r], Diacylglyceryl-2-aminoethylphosphonate[r]","0641, C056","00055, C0567",,,,
94,94,94,441,R05916_r,,1-Phosphatidyl-D-myo-inositol[r] + G10610[r] <=> G00143[r] + G10619[r],2.4.1.198,PF3D7_1032400:PF3D7_0935300;PF3D7_0618900.1;PF3D7_0911000,-50.0,50,,,Glycosylphosphatidylinositol(GPI)-anchor biosynthesis,,,R05916,"1-Phosphatidyl-D-myo-inositol[r], G10610[r]","G00143[r], G10619[r]","1194, C000","00015, C0001",,,,
95,95,95,442,R05917_r,,H2O[r] + G00143[r] <=> Acetate[r] + G00144[r],3.5.1.89,PF3D7_0624700,0.0,50,,,Glycosylphosphatidylinositol(GPI)-anchor biosynthesis,,,R05917,"H2O[r], G00143[r]","Acetate[r], G00144[r]","0001, C000","00033, C0001",,,,
96,96,96,443,R05919_r,,G00145[r] + G10617[r] <=> G00146[r] + G10622[r],',PF3D7_1210900,-50.0,50,,,Glycosylphosphatidylinositol(GPI)-anchor biosynthesis,,,R05919,"G00145[r], G10617[r]","G00146[r], G10622[r]","0043, C000","00015, C0001",,,,
97,97,97,444,R05921_r,,G00147[r] + G10617[r] <=> G00148[r] + G10622[r],2.4.1.-,PF3D7_1247300,-50.0,50,,,Glycosylphosphatidylinositol(GPI)-anchor biosynthesis,,,R05921,"G00147[r], G10617[r]","G00148[r], G10622[r]","0043, C000","00015, C0001",,,,
98,98,98,445,R05922_r,,G00148[r] + G10617[r] <=> G00149[r] + G10622[r],2.4.1.-,PF3D7_1341600,-50.0,50,,,Glycosylphosphatidylinositol(GPI)-anchor biosynthesis,,,R05922,"G00148[r], G10617[r]","G00149[r], G10622[r]","0043, C000","00015, C0001",,,,
99,99,99,446,R05923_r,,"Phosphatidylethanolamine[r] + G00140[r] <=> 1,2-Diacyl-sn-glycerol[r] + G00141[r]",',PF3D7_1214100,-50.0,50,,,Glycerophospholipid metabolism,,,R05923,"Phosphatidylethanolamine[r], G00140[r]","1,2-Diacyl-sn-glycerol[r], G00141[r]","0350, C000","00641, C0001",,,,
100,100,100,447,R05970_r,,G00001[r] + G10610[r] <=> G00002[r] + G10619[r],2.4.1.141,PF3D7_0211600,-50.0,50,,,N-Glycan biosynthesis,,,R05970,"G00001[r], G10610[r]","G00002[r], G10619[r]","0043, C000","00015, C0001",,,,
101,101,101,448,R06364_r,CDPethanolamine:1-alkyl-2-acylglycerol ethanolaminephosphotransferase,CDP-ethanolamine[r] + 1-Alkyl-2-acylglycerol[r] <=> CMP[r] + H+[r] + 1-Alkyl-2-acylglycerophosphoethanolamine[r],2.7.8.1,PF3D7_0628300,-50.0,50,,,Ether lipid metabolism,,,R06364,"CDP-ethanolamine[r], 1-Alkyl-2-acylglycerol[r]","CMP[r], H+[r], 1-Alkyl-2-acylglycerophosphoethanolamine[r]","0570, C032","00055, C00080, C0447",,,,
102,102,102,449,R07377_r,,L-Serine[r] + Phosphatidylcholine[r] <=> H+[r] + Choline[r] + Phosphatidylserine[r],',PF3D7_1366800,-50.0,50,,,Glycerophospholipid metabolism,,,R07377,"L-Serine[r], Phosphatidylcholine[r]","H+[r], Choline[r], Phosphatidylserine[r]","0065, C001","00080, C00114, C0273",,,,
103,103,103,450,R07384_r,,CMP[r] + H+[r] + O-1-Alk-1-enyl-2-acyl-sn-glycero-3-phosphoethanolamine[r] <=> CDP-ethanolamine[r] + 1-Alkenyl-2-acylglycerol[r],2.7.8.1,PF3D7_0628300,-50.0,50,,,Ether lipid metabolism,,,R07384,"CMP[r], H+[r], O-1-Alk-1-enyl-2-acyl-sn-glycero-3-phosphoethanolamine[r]","CDP-ethanolamine[r], 1-Alkenyl-2-acylglycerol[r]","0055, C00080, C047","00570, C0345",,,,
104,104,104,451,R07758_r,,H+[r] + Malonyl-CoA[r] + Palmitoyl-CoA[r] <=> CoA[r] + CO2[r] + 3-Oxostearoyl-CoA[r],2.3.1.199,PF3D7_0109300,0.0,50,,,Fatty acid metabolism,,,R07758,"H+[r], Malonyl-CoA[r], Palmitoyl-CoA[r]","CoA[r], CO2[r], 3-Oxostearoyl-CoA[r]","0080, C00083, C001","00010, C00011, C1621",,,,
105,105,105,452,R07759_r,,NADPH[r] + H+[r] + 3-Oxostearoyl-CoA[r] <=> NADP+[r] + 3-Hydroxyoctadecanoyl-CoA[r],1.1.1.330,PF3D7_0422000,0.0,50,,,Fatty acid metabolism,,,R07759,"NADPH[r], H+[r], 3-Oxostearoyl-CoA[r]","NADP+[r], 3-Hydroxyoctadecanoyl-CoA[r]","0005, C00080, C162","00006, C1621",,,,
106,106,106,453,R07760_r,,3-Hydroxyoctadecanoyl-CoA[r] <=> H2O[r] + (2E)-Octadecenoyl-CoA[r],4.2.1.134,PF3D7_1331600,0.0,50,,,Fatty acid metabolism,,,R07760,3-Hydroxyoctadecanoyl-CoA[r],"H2O[r], (2E)-Octadecenoyl-CoA[r]",62,"00001, C1621",,,,
107,107,107,454,R07761_r,,NADPH[r] + H+[r] + (2E)-Octadecenoyl-CoA[r] <=> NADP+[r] + Stearoyl-CoA[r],1.3.1.38,PF3D7_1135900,0.0,50,,,Fatty acid metabolism,,,R07761,"NADPH[r], H+[r], (2E)-Octadecenoyl-CoA[r]","NADP+[r], Stearoyl-CoA[r]","0005, C00080, C162","00006, C0041",,,,
108,108,108,455,R08107_r,,"Phosphatidylethanolamine[r] + G00149[r] <=> 1,2-Diacyl-sn-glycerol[r] + G13044[r]",',PF3D7_1214100,-50.0,50,,,Glycosylphosphatidylinositol(GPI)-anchor biosynthesis,,,R08107,"Phosphatidylethanolamine[r], G00149[r]","1,2-Diacyl-sn-glycerol[r], G13044[r]","0350, C000","00641, C0001",,,,
109,109,109,456,R09295_r,GDP-beta-L-fucose:polypeptide O-alpha-L-fucosyltransferase,Protein serine[r] + G10615[r] <=> G10620[r] + G13052[r],2.4.1.221,PF3D7_0909200,-50.0,50,,,N-Glycan biosynthesis,,,R09295,"Protein serine[r], G10615[r]","G10620[r], G13052[r]",00,"00015, C0001",,,,
110,110,110,457,R09380_r,acyl-ACP:sn-glycerol-3-phosphate 1-O-acyltransferase,sn-Glycerol 3-phosphate[r] + Acyl-[acyl-carrier protein][r] <=> Acyl-carrier protein[r] + 1-Acyl-sn-glycerol 3-phosphate[r],2.3.1.15,PF3D7_1212500,-50.0,50,,,Glycerophospholipid metabolism,,,R09380,"sn-Glycerol 3-phosphate[r], Acyl-[acyl-carrier protein][r]","Acyl-carrier protein[r], 1-Acyl-sn-glycerol 3-phosphate[r]","0093, C001","00229, C0068",,,,
111,111,111,458,R09419_r,acyl-CoA:malonyl-CoA C-acyltransferase (decarboxylating),Acyl-CoA[r] + H+[r] + Malonyl-CoA[r] <=> CoA[r] + CO2[r] + 3-Oxoacyl-CoA[r],2.3.1.199,PF3D7_0109300,-50.0,50,,,Fatty acid metabolism,,,R09419,"Acyl-CoA[r], H+[r], Malonyl-CoA[r]","CoA[r], CO2[r], 3-Oxoacyl-CoA[r]","0040, C00080, C000","00010, C00011, C0026",,,,
112,112,112,459,R01321_r,"CDP-choline:1,2-diacyl-sn-glycerol cholinephosphotransferase","CDP-choline[r] + 1,2-Diacyl-sn-glycerol[r] <=> CMP[r] + Phosphatidylcholine[r]",2.7.8.2,PF3D7_0628300,-50.0,50,,,Glycerophospholipid metabolism,,,R01321,"CDP-choline[r], 1,2-Diacyl-sn-glycerol[r]","CMP[r], Phosphatidylcholine[r]","0307, C006","00055, C0015",,,,
113,113,113,460,R04321_r,CDP-choline:1-alkyl-2-acetylglycerol cholinephosphotransferase,CDP-choline[r] + 1-Alkyl-2-acetyl-sn-glycerol[r] <=> CMP[r] + 2-Acetyl-1-alkyl-sn-glycero-3-phosphocholine[r],2.7.8.2,PF3D7_0628300,-50.0,50,,,Ether lipid metabolism,,,R04321,"CDP-choline[r], 1-Alkyl-2-acetyl-sn-glycerol[r]","CMP[r], 2-Acetyl-1-alkyl-sn-glycero-3-phosphocholine[r]","0307, C038","00055, C0459",,,,
114,114,114,461,R04922_r,"CMP-N-trimethyl-2-aminoethylphosphonate:1,2-diacylglycerol cholinephosphotransferase","1,2-Diacyl-sn-glycerol[r] + CMP-N-trimethyl-2-aminoethylphosphonate[r] <=> CMP[r] + Diacylglyceryl-N-trimethyl-2-aminoethylphosphonate[r]",2.7.8.2,PF3D7_0628300,-50.0,50,,,Phosphonate and phosphinate metabolism,,,R04922,"1,2-Diacyl-sn-glycerol[r], CMP-N-trimethyl-2-aminoethylphosphonate[r]","CMP[r], Diacylglyceryl-N-trimethyl-2-aminoethylphosphonate[r]","0641, C056","00055, C0567",,,,
115,115,115,462,R07389_r,CDP-choline diglyceride phosphotransferase,CDP-choline[r] + 1-Alkyl-2-acylglycerol[r] <=> CMP[r] + 1-Radyl-2-acyl-sn-glycero-3-phosphocholine[r],2.7.8.2,PF3D7_0628300,-50.0,50,,,Ether lipid metabolism,,,R07389,"CDP-choline[r], 1-Alkyl-2-acylglycerol[r]","CMP[r], 1-Radyl-2-acyl-sn-glycero-3-phosphocholine[r]","0307, C032","00055, C0521",,,,
116,116,116,466,R00238_m,Acetyl-CoA:acetyl-CoA C-acetyltransferase,2 Acetyl-CoA[m] <=> CoA[m] + Acetoacetyl-CoA[m],2.3.1.9,PF3D7_1450900,-50.0,50,,,Fatty acid degradation,,,R00238,2 Acetyl-CoA[m],"CoA[m], Acetoacetyl-CoA[m]",,"00010, C0033",,,,
117,117,117,476,R00848_m,sn-Glycerol-3-phosphate:(acceptor) 2-oxidoreductase,FAD[m] + sn-Glycerol 3-phosphate[m] <=> Glycerone phosphate[m] + FADH2[m],1.1.5.3,PF3D7_0306400,-50.0,50,,,Glycerophospholipid metabolism,,,R00848,"FAD[m], sn-Glycerol 3-phosphate[m]","Glycerone phosphate[m], FADH2[m]","0016, C000","00111, C0135",,,,
118,118,118,481,R01177_m,butanoyl-CoA:acetyl-CoA C-butanoyltransferase,Acetyl-CoA[m] + Butanoyl-CoA[m] <=> CoA[m] + 3-Oxohexanoyl-CoA[m],2.3.1.9         2.3.1.16,PF3D7_1450900,-50.0,50,,,Fatty acid degradation,,,R01177,"Acetyl-CoA[m], Butanoyl-CoA[m]","CoA[m], 3-Oxohexanoyl-CoA[m]","0024, C001","00010, C0526",,,,
119,119,119,529,R07770_m,ATP:lipoate adenylyltransferase,ATP[m] + H+[m] + Lipoate[m] <=> Diphosphate[m] + Lipoyl-AMP[m],2.7.7.63,PF3D7_1314600;PF3D7_0923600,-50.0,50,,,Lipoic acid metabolism,,,R07770,"ATP[m], H+[m], Lipoate[m]","Diphosphate[m], Lipoyl-AMP[m]","0002, C00080, C007","00013, C1623",,,,
120,120,120,530,R07771_m,,Lipoyl-AMP[m] + Apoprotein[m] <=> AMP[m] + Protein N6-(lipoyl)lysine[m],2.7.7.63,PF3D7_1314600;PF3D7_0923600,-50.0,50,,,Lipoic acid metabolism,,,R07771,"Lipoyl-AMP[m], Apoprotein[m]","AMP[m], Protein N6-(lipoyl)lysine[m]","6238, C162","00020, C1623",,,,
121,121,121,537,R02000_m,rubredoxin:NAD+ oxidoreductase,NAD+[m] + 2 Reduced rubredoxin[m] <=> NADH[m] + H+[m] + 2 Oxidized rubredoxin[m],1.18.1.1        1.18.1.3        1.18.1.4,PF3D7_0720400,-50.0,50,,,Fatty acid degradation,,,R02000,"NAD+[m], 2 Reduced rubredoxin[m]","NADH[m], H+[m], 2 Oxidized rubredoxin[m]",00,"00004, C0008",,,,
122,122,122,877,FA_pool_c,FA_pool_c,Fatty acid[c] <=> 0.39 Hexadecanoic acid[c] + 0.3 (9Z)-Octadecenoic acid[c] + 0.16 Octadecanoic acid[c] + 0.15 Linoleate[c],',,-50.0,50,,,Fatty acid metabolism,,,not 1 reaction,Fatty acid[c],"0.39 Hexadecanoic acid[c], 0.3 (9Z)-Octadecenoic acid[c], 0.16 Octadecanoic acid[c], 0.15 Linoleate[c]",01,a,,,,
123,123,123,889,R01315_c,phosphatidylcholine 2-acylhydrolase,H2O[c] + Phosphatidylcholine[c] <=> H+[c] + 1-Acyl-sn-glycero-3-phosphocholine[c] + Carboxylate[c],3.1.1.4,,0.0,50,,,Glycerophospholipid metabolism,,,R01315,"H2O[c], Phosphatidylcholine[c]","H+[c], 1-Acyl-sn-glycero-3-phosphocholine[c], Carboxylate[c]","0001, C001","00080, C04230, C0006",,,,
124,124,124,890,R02250_c,Triacylglycerol acylhydrolase,"H2O[c] + Triacylglycerol[c] <=> H+[c] + 1,2-Diacyl-sn-glycerol[c] + Carboxylate[c]",3.1.1.3,,0.0,50,,,Glycerolipid metabolism,,,R02250,"H2O[c], Triacylglycerol[c]","H+[c], 1,2-Diacyl-sn-glycerol[c], Carboxylate[c]","0001, C004","00080, C00641, C0006",,,,
125,125,125,891,R06519_c,,Oxygen[c] + Reduced acceptor[c] + Dihydroceramide[c] <=> 2 H2O[c] + Acceptor[c] + N-Acylsphingosine[c],1.14.-.-,,-50.0,50,,,Sphingolipid metabolism,,,R06519,"Oxygen[c], Reduced acceptor[c], Dihydroceramide[c]","2 H2O[c], Acceptor[c], N-Acylsphingosine[c]","0007, C00030, C121","00028, C0019",,,,
126,126,126,892,R07064_c,phosphatidylcholine 2-acylhydrolase,H2O[c] + Phosphatidylcholine[c] <=> 1-Acyl-sn-glycero-3-phosphocholine[c] + Linoleate[c],3.1.1.4,,0.0,50,,,Fatty acid metabolism,,,R07064,"H2O[c], Phosphatidylcholine[c]","1-Acyl-sn-glycero-3-phosphocholine[c], Linoleate[c]","0001, C001","04230, C0159",,,,
127,127,127,893,R06517_c,acyl-CoA:sphingosine N-acyltransferase,Acyl-CoA[c] + Sphinganine[c] <=> CoA[c] + H+[c] + Dihydroceramide[c],2.3.1.24,,0.0,50,,,Sphingolipid metabolism,,,R06517,"Acyl-CoA[c], Sphinganine[c]","CoA[c], H+[c], Dihydroceramide[c]","0040, C008","00010, C00080, C1212",,,,
128,128,128,894,R01891_c,CDP-choline:N-acylsphingosine cholinephosphotransferase,CDP-choline[c] + N-Acylsphingosine[c] <=> CMP[c] + Sphingomyelin[c],2.7.8.3,,0.0,50,,,Sphingolipid metabolism,,,R01891,"CDP-choline[c], N-Acylsphingosine[c]","CMP[c], Sphingomyelin[c]","0307, C001","00055, C0055",,,,
129,129,129,896,R08969_c,ceramide:phosphatidylcholine cholinephosphotransferase,"Phosphatidylcholine[c] + N-Acylsphingosine[c] <=> 1,2-Diacyl-sn-glycerol[c] + Sphingomyelin[c]",2.7.8.27,,-50.0,50,,,Sphingolipid metabolism,,,R08969,"Phosphatidylcholine[c], N-Acylsphingosine[c]","1,2-Diacyl-sn-glycerol[c], Sphingomyelin[c]","0157, C001","00641, C0055",,,,
130,130,130,897,R08159_a,,H2O[a] + Tetradecanoyl-[acp][a] <=> H+[a] + Acyl-carrier protein[a] + Tetradecanoic acid[a],3.1.2.14,,0.0,50,,,Fatty acid metabolism,,,R08159,"H2O[a], Tetradecanoyl-[acp][a]","H+[a], Acyl-carrier protein[a], Tetradecanoic acid[a]","0001, C057","00080, C00229, C0642",,,,
131,131,131,918,R01021_r,ATP:choline phosphotransferase,ATP[r] + Choline[r] <=> ADP[r] + Choline phosphate[r],2.7.1.32,PF3D7_1401800,-50.0,50,,,Glycerophospholipid metabolism,,,R01021,"ATP[r], Choline[r]","ADP[r], Choline phosphate[r]","0002, C001","00008, C0058",,,,
132,132,132,919,R01468_r,ATP:ethanolamine O-phosphotransferase,ATP[r] + Ethanolamine[r] <=> ADP[r] + Ethanolamine phosphate[r],2.7.1.82,PF3D7_1124600,-50.0,50,,,Glycerophospholipid metabolism,,,R01468,"ATP[r], Ethanolamine[r]","ADP[r], Ethanolamine phosphate[r]","0002, C001","00008, C0034",,,,
133,133,133,920,R01799_r,CTP:phosphatidate cytidyltransferase,CTP[r] + Phosphatidate[r] <=> CDP-diacylglycerol[r] + Diphosphate[r],2.7.7.41,PF3D7_1409900,-50.0,50,,,Glycerophospholipid metabolism,,,R01799,"CTP[r], Phosphatidate[r]","CDP-diacylglycerol[r], Diphosphate[r]","0063, C004","00269, C0001",,,,
134,134,134,921,R02038_r,CTP:ethanolamine-phosphate cytidylyltransferase,CTP[r] + Ethanolamine phosphate[r] <=> CDP-ethanolamine[r] + Diphosphate[r],2.7.7.14,PF3D7_1347700,-50.0,50,,,Glycerophospholipid metabolism,,,R02038,"CTP[r], Ethanolamine phosphate[r]","CDP-ethanolamine[r], Diphosphate[r]","0063, C003","00570, C0001",,,,
135,135,135,922,R02241_r,acyl-CoA:1-acyl-sn-glycerol-3-phosphate 2-O-acyltransferase,CoA[r] + Phosphatidate[r] <=> Acyl-CoA[r] + 1-Acyl-sn-glycerol 3-phosphate[r],2.3.1.51,,-50.0,50,,,Glycerolipid metabolism,,,R02241,"CoA[r], Phosphatidate[r]","Acyl-CoA[r], 1-Acyl-sn-glycerol 3-phosphate[r]","0010, C004","00040, C0068",,,,
136,136,136,923,R02239_r,"1,2-diacyl-sn-glycerol 3-phosphate phosphohydrolase","H2O[r] + Phosphatidate[r] <=> H+[r] + 1,2-Diacyl-sn-glycerol[r] + Orthophosphate[r]",3.1.3.4         3.1.3.81,,0.0,50,,,Glycerolipid metabolism,,,R02239,"H2O[r], Phosphatidate[r]","H+[r], 1,2-Diacyl-sn-glycerol[r], Orthophosphate[r]","0001, C004","00080, C00641, C0000",,,,
137,137,137,927,R01800_r,CDP-diacylglycerol:L-serine 3-phosphatidyltransferase,L-Serine[r] + CDP-diacylglycerol[r] <=> CMP[r] + H+[r] + Phosphatidylserine[r],2.7.8.8,,-50.0,50,,,Glycerophospholipid metabolism,,,R01800,"L-Serine[r], CDP-diacylglycerol[r]","CMP[r], H+[r], Phosphatidylserine[r]","0065, C002","00055, C00080, C0273",,,,
138,138,138,935,R02240_c,"ATP:1,2-diacylglycerol 3-phosphotransferase","ATP[c] + 1,2-Diacyl-sn-glycerol[c] <=> ADP[c] + Phosphatidate[c]",2.7.1.107,,-50.0,50,,,Glycerolipid metabolism,,,R02240,"ATP[c], 1,2-Diacyl-sn-glycerol[c]","ADP[c], Phosphatidate[c]","0002, C006","00008, C0041",,,,
139,139,139,936,R02029_r,Phosphatidylglycerophosphate phosphohydrolase,H2O[r] + Phosphatidylglycerophosphate[r] <=> Orthophosphate[r] + Phosphatidylglycerol[r],3.1.3.27,,0.0,50,,,Glycerophospholipid metabolism,,,R02029,"H2O[r], Phosphatidylglycerophosphate[r]","Orthophosphate[r], Phosphatidylglycerol[r]","0001, C038","00009, C0034",,,,
140,140,140,952,R01706_a,hexadecanoyl-[acyl-carrier protein] hydrolase,H2O[a] + Hexadecanoyl-[acp][a] <=> Acyl-carrier protein[a] + Hexadecanoic acid[a],2.3.1.85        3.1.2.14,,-50.0,50,,,Fatty acid metabolism,,,R01706,"H2O[a], Hexadecanoyl-[acp][a]","Acyl-carrier protein[a], Hexadecanoic acid[a]","0001, C057","00229, C0024",,,,
141,141,141,953,R04014_a,dodecanoyl-[acyl-carrier-protein] hydrolase,H2O[a] + Dodecanoyl-[acyl-carrier protein][a] <=> H+[a] + Acyl-carrier protein[a] + Dodecanoic acid[a],3.1.2.14        3.1.2.21,,0.0,50,,,Fatty acid metabolism,,,R04014,"H2O[a], Dodecanoyl-[acyl-carrier protein][a]","H+[a], Acyl-carrier protein[a], Dodecanoic acid[a]","0001, C052","00080, C00229, C0267",,,,
142,142,142,954,R08176_r,oleoyl-CoA hydrolase,H2O[r] + Oleoyl-CoA[r] <=> CoA[r] + H+[r] + (9Z)-Octadecenoic acid[r],3.1.2.2,,-50.0,50,,,Fatty acid metabolism,,,R08176,"H2O[r], Oleoyl-CoA[r]","CoA[r], H+[r], (9Z)-Octadecenoic acid[r]","0001, C005","00010, C00080, C0071",,,,
143,143,143,955,R01274_r,palmitoyl-CoA hydrolase,H2O[r] + Palmitoyl-CoA[r] <=> CoA[r] + H+[r] + Hexadecanoic acid[r],3.1.2.2         3.1.2.22,,-50.0,50,,,Fatty acid metabolism,,,R01274,"H2O[r], Palmitoyl-CoA[r]","CoA[r], H+[r], Hexadecanoic acid[r]","0001, C001","00010, C00080, C0024",,,,
144,144,144,956,R08174_r,stearoyl-CoA hydrolase,H2O[r] + Stearoyl-CoA[r] <=> CoA[r] + H+[r] + Octadecanoic acid[r],3.1.2.2,,-50.0,50,,,Fatty acid metabolism,,,R08174,"H2O[r], Stearoyl-CoA[r]","CoA[r], H+[r], Octadecanoic acid[r]","0001, C004","00010, C00080, C0153",,,,
145,145,145,957,R08163_a,octadecanoyl-[acyl-carrier protein] hydrolase,H2O[a] + Octadecanoyl-[acyl-carrier protein][a] <=> Acyl-carrier protein[a] + Octadecanoic acid[a],3.1.2.14,,0.0,50,,,Fatty acid metabolism,,,R08163,"H2O[a], Octadecanoyl-[acyl-carrier protein][a]","Acyl-carrier protein[a], Octadecanoic acid[a]","0001, C040","00229, C0153",,,,
146,146,146,958,R00742_r,Acetyl-CoA:carbon-dioxide ligase (ADP-forming),ATP[r] + Acetyl-CoA[r] + HCO3-[r] <=> ADP[r] + H+[r] + Malonyl-CoA[r] + Orthophosphate[r],6.4.1.2,,-50.0,50,,,Fatty acid metabolism,,,R00742,"ATP[r], Acetyl-CoA[r], HCO3-[r]","ADP[r], H+[r], Malonyl-CoA[r], Orthophosphate[r]","0002, C00024, C002","00008, C00080, C00083, C0000",,,,
147,147,147,959,R04386_r,Acetyl-CoA:carbon-dioxide ligase (ADP-forming),Acetyl-CoA[r] + Carboxybiotin-carboxyl-carrier protein[r] <=> Malonyl-CoA[r] + Holo-[carboxylase][r],6.4.1.2,,-50.0,50,,,Fatty acid metabolism,,,R04386,"Acetyl-CoA[r], Carboxybiotin-carboxyl-carrier protein[r]","Malonyl-CoA[r], Holo-[carboxylase][r]","0024, C044","00083, C0625",,,,
148,148,148,961,R01280_r,Palmitate:CoA ligase (AMP-forming),ATP[r] + CoA[r] + H+[r] + Hexadecanoic acid[r] <=> Palmitoyl-CoA[r] + Diphosphate[r] + AMP[r],6.2.1.3,,-50.0,50,,,Fatty acid metabolism,,,R01280,"ATP[r], CoA[r], H+[r], Hexadecanoic acid[r]","Palmitoyl-CoA[r], Diphosphate[r], AMP[r]","0002, C00010, C00080, C002","00154, C00013, C0002",,,,
149,149,149,972,R04247_r,CTP:ethanolamine-phosphate cytidylyltransferase,H+[r] + CTP[r] + 2-Aminoethylphosphonate[r] <=> CMP-2-aminoethylphosphonate[r] + Diphosphate[r],2.7.7.14,PF3D7_1347700,-50.0,50,,,Phosphonate and phosphinate metabolism,,,R04247,"H+[r], CTP[r], 2-Aminoethylphosphonate[r]","CMP-2-aminoethylphosphonate[r], Diphosphate[r]","0080, C00063, C035","05673, C0001",,,,
150,150,150,983,R01010_c,Glycerone phosphate phosphohydrolase,H2O[c] + Glycerone phosphate[c] <=> Orthophosphate[c] + H+[c] + Glycerone[c],3.1.3.1         3.1.3.2,,-50.0,50,,,Glycerophospholipid metabolism,,,R01010,"H2O[c], Glycerone phosphate[c]","Orthophosphate[c], H+[c], Glycerone[c]","0001, C001","00009, C00080, C0018",,,,
151,151,151,991,R01281_c,Palmitoyl-CoA:L-serine C-palmitoyltransferase (decarboxylating),L-Serine[c] + H+[c] + Palmitoyl-CoA[c] <=> CoA[c] + CO2[c] + 3-Dehydrosphinganine[c],2.3.1.50,PF3D7_1415700,-50.0,50,,,Sphingolipid metabolism,,,R01281,"L-Serine[c], H+[c], Palmitoyl-CoA[c]","CoA[c], CO2[c], 3-Dehydrosphinganine[c]","0065, C00080, C001","00010, C00011, C0293",,,,
152,152,152,992,R02057_c,"CDPethanolamine:1,2-diacylglycerol ethanolaminephosphotransferase","CDP-ethanolamine[c] + 1,2-Diacyl-sn-glycerol[c] <=> CMP[c] + H+[c] + Phosphatidylethanolamine[c]",2.7.8.1,PF3D7_0628300,-50.0,50,,,Glycerophospholipid metabolism,,,R02057,"CDP-ethanolamine[c], 1,2-Diacyl-sn-glycerol[c]","CMP[c], H+[c], Phosphatidylethanolamine[c]","0570, C006","00055, C00080, C0035",,,,
153,153,153,993,R02251_c,"acyl-CoA:1,2-diacyl-sn-glycerol O-acyltransferase","CoA[c] + Triacylglycerol[c] <=> 1,2-Diacyl-sn-glycerol[c] + Acyl-CoA[c]",2.3.1.20,PF3D7_0322300,-50.0,50,,,Glycerolipid metabolism,,,R02251,"CoA[c], Triacylglycerol[c]","1,2-Diacyl-sn-glycerol[c], Acyl-CoA[c]","0010, C004","00641, C0004",,,,
154,154,154,994,R02978_c,Sphinganine:NADP+ 3-oxidoreductase,NADP+[c] + Sphinganine[c] <=> NADPH[c] + H+[c] + 3-Dehydrosphinganine[c],1.1.1.102,PF3D7_0409500,-50.0,50,,,Sphingolipid metabolism,,,R02978,"NADP+[c], Sphinganine[c]","NADPH[c], H+[c], 3-Dehydrosphinganine[c]","0006, C008","00005, C00080, C0293",,,,
155,155,155,996,R04920_c,"CMP-2-aminoethylphosphonate:1,2-diacylglycerol ethanolaminephosphotransferase","1,2-Diacyl-sn-glycerol[c] + CMP-2-aminoethylphosphonate[c] <=> CMP[c] + Diacylglyceryl-2-aminoethylphosphonate[c]",2.7.8.1,PF3D7_0628300,-50.0,50,,,Phosphonate and phosphinate metabolism,,,R04920,"1,2-Diacyl-sn-glycerol[c], CMP-2-aminoethylphosphonate[c]","CMP[c], Diacylglyceryl-2-aminoethylphosphonate[c]","0641, C056","00055, C0567",,,,
156,156,156,997,R06364_c,CDPethanolamine:1-alkyl-2-acylglycerol ethanolaminephosphotransferase,CDP-ethanolamine[c] + 1-Alkyl-2-acylglycerol[c] <=> CMP[c] + H+[c] + 1-Alkyl-2-acylglycerophosphoethanolamine[c],2.7.8.1,PF3D7_0628300,-50.0,50,,,Ether lipid metabolism,,,R06364,"CDP-ethanolamine[c], 1-Alkyl-2-acylglycerol[c]","CMP[c], H+[c], 1-Alkyl-2-acylglycerophosphoethanolamine[c]","0570, C032","00055, C00080, C0447",,,,
157,157,157,998,R07384_c,,CMP[c] + H+[c] + O-1-Alk-1-enyl-2-acyl-sn-glycero-3-phosphoethanolamine[c] <=> CDP-ethanolamine[c] + 1-Alkenyl-2-acylglycerol[c],2.7.8.1,PF3D7_0628300,-50.0,50,,,Ether lipid metabolism,,,R07384,"CMP[c], H+[c], O-1-Alk-1-enyl-2-acyl-sn-glycero-3-phosphoethanolamine[c]","CDP-ethanolamine[c], 1-Alkenyl-2-acylglycerol[c]","0055, C00080, C047","00570, C0345",,,,
158,158,158,999,R01321_c,"CDP-choline:1,2-diacyl-sn-glycerol cholinephosphotransferase","CDP-choline[c] + 1,2-Diacyl-sn-glycerol[c] <=> CMP[c] + Phosphatidylcholine[c]",2.7.8.2,PF3D7_0628300,-50.0,50,,,Glycerophospholipid metabolism,,,R01321,"CDP-choline[c], 1,2-Diacyl-sn-glycerol[c]","CMP[c], Phosphatidylcholine[c]","0307, C006","00055, C0015",,,,
159,159,159,1000,R04321_c,CDP-choline:1-alkyl-2-acetylglycerol cholinephosphotransferase,CDP-choline[c] + 1-Alkyl-2-acetyl-sn-glycerol[c] <=> CMP[c] + 2-Acetyl-1-alkyl-sn-glycero-3-phosphocholine[c],2.7.8.2,PF3D7_0628300,-50.0,50,,,Ether lipid metabolism,,,R04321,"CDP-choline[c], 1-Alkyl-2-acetyl-sn-glycerol[c]","CMP[c], 2-Acetyl-1-alkyl-sn-glycero-3-phosphocholine[c]","0307, C038","00055, C0459",,,,
160,160,160,1001,R04922_c,"CMP-N-trimethyl-2-aminoethylphosphonate:1,2-diacylglycerol cholinephosphotransferase","1,2-Diacyl-sn-glycerol[c] + CMP-N-trimethyl-2-aminoethylphosphonate[c] <=> CMP[c] + Diacylglyceryl-N-trimethyl-2-aminoethylphosphonate[c]",2.7.8.2,PF3D7_0628300,-50.0,50,,,Phosphonate and phosphinate metabolism,,,R04922,"1,2-Diacyl-sn-glycerol[c], CMP-N-trimethyl-2-aminoethylphosphonate[c]","CMP[c], Diacylglyceryl-N-trimethyl-2-aminoethylphosphonate[c]","0641, C056","00055, C0567",,,,
161,161,161,1002,R07389_c,CDP-choline diglyceride phosphotransferase,CDP-choline[c] + 1-Alkyl-2-acylglycerol[c] <=> CMP[c] + 1-Radyl-2-acyl-sn-glycero-3-phosphocholine[c],2.7.8.2,PF3D7_0628300,-50.0,50,,,Ether lipid metabolism,,,R07389,"CDP-choline[c], 1-Alkyl-2-acylglycerol[c]","CMP[c], 1-Radyl-2-acyl-sn-glycero-3-phosphocholine[c]","0307, C032","00055, C0521",,,,
162,162,162,1003,R01890_r,CTP:choline-phosphate cytidylyltransferase,CTP[r] + Choline phosphate[r] <=> CDP-choline[r] + Diphosphate[r],2.7.7.15,PF3D7_1316600,-50.0,50,,,Glycerophospholipid metabolism,,,R01890,"CTP[r], Choline phosphate[r]","CDP-choline[r], Diphosphate[r]","0063, C005","00307, C0001",,,,
163,163,163,1004,R02590_r,CTP:choline-phosphate cytidylyltransferase,H+[r] + CTP[r] + N-Trimethyl-2-aminoethylphosphonate[r] <=> CMP-N-trimethyl-2-aminoethylphosphonate[r] + Diphosphate[r],2.7.7.15,PF3D7_1316600,0.0,50,,,Phosphonate and phosphinate metabolism,,,R02590,"H+[r], CTP[r], N-Trimethyl-2-aminoethylphosphonate[r]","CMP-N-trimethyl-2-aminoethylphosphonate[r], Diphosphate[r]","0080, C00063, C064","05674, C0001",,,,
164,164,164,1008,R01317_c,phosphatidylcholine 2-acylhydrolase,H2O[c] + Phosphatidylcholine[c] <=> 1-Acyl-sn-glycero-3-phosphocholine[c] + Arachidonate[c],3.1.1.4,,0.0,50,,,Glycerophospholipid metabolism,,,R01317,"H2O[c], Phosphatidylcholine[c]","1-Acyl-sn-glycero-3-phosphocholine[c], Arachidonate[c]","0001, C001","04230, C0021",,,,
165,165,165,1009,R07859_c,,"H2O[c] + Phosphatidylcholine[c] <=> 1-Acyl-sn-glycero-3-phosphocholine[c] + (9Z,12Z,15Z)-Octadecatrienoic acid[c]",3.1.1.4,,0.0,50,,,Glycerophospholipid metabolism,,,R07859,"H2O[c], Phosphatidylcholine[c]","1-Acyl-sn-glycero-3-phosphocholine[c], (9Z,12Z,15Z)-Octadecatrienoic acid[c]","0001, C001","04230, C0642",,,,
166,166,166,1010,R02687_c,"1,2-diacyl-sn-glycerol acylhydrolase","H2O[c] + 1,2-Diacyl-sn-glycerol[c] <=> Fatty acid[c] + 1-Acylglycerol[c]",3.1.1.3,,0.0,50,,,Glycerophospholipid metabolism,,,R02687,"H2O[c], 1,2-Diacyl-sn-glycerol[c]","Fatty acid[c], 1-Acylglycerol[c]","0001, C006","00162, C0188",,,,
167,167,167,1011,R02688_c,"1,2-Diacyl-sn-glycerol acylhydrolase","H2O[c] + 1,2-Diacyl-sn-glycerol[c] <=> H+[c] + Fatty acid[c] + 2-Acylglycerol[c]",3.1.1.3,,0.0,50,,,Glycerophospholipid metabolism,,,R02688,"H2O[c], 1,2-Diacyl-sn-glycerol[c]","H+[c], Fatty acid[c], 2-Acylglycerol[c]","0001, C006","00080, C00162, C0211",,,,
168,168,168,1012,R05209_c,Diacylglycerol acylhydrolase,"H2O[c] + 1,2-Diacyl-sn-glycerol[c] <=> Carboxylate[c] + 1-Acylglycerol[c]",3.1.1.3         3.1.1.79,,0.0,50,,,Glycerophospholipid metabolism,,,R05209,"H2O[c], 1,2-Diacyl-sn-glycerol[c]","Carboxylate[c], 1-Acylglycerol[c]","0001, C006","00060, C0188",,,,
169,169,169,1013,R02694_c,"2,3-Dehydroacyl-CoA:1,2-diacylglycerol O-acyltransferase","1,2-Diacyl-sn-glycerol[c] + 2,3-Dehydroacyl-CoA[c] <=> CoA[c] + Triacylglycerol[c]",2.3.1.20,,-50.0,50,,,Glycerophospholipid metabolism,,,R02694,"1,2-Diacyl-sn-glycerol[c], 2,3-Dehydroacyl-CoA[c]","CoA[c], Triacylglycerol[c]","0641, C006","00010, C0042",,,,
170,170,170,1014,R01496_c,acyl-CoA:sphingosine N-acyltransferase,Acyl-CoA[c] + Sphingosine[c] <=> CoA[c] + H+[c] + N-Acylsphingosine[c],2.3.1.24,,-50.0,50,,,Sphingolipid metabolism,,,R01496,"Acyl-CoA[c], Sphingosine[c]","CoA[c], H+[c], N-Acylsphingosine[c]","0040, C003","00010, C00080, C0019",,,,
171,171,171,1015,R02543_c,Acyl-CoA:sphingosine N-acyltransferase,Acyl-CoA[c] + Sphingosyl-phosphocholine[c] <=> CoA[c] + H+[c] + Sphingomyelin[c],2.3.1.24,,-50.0,50,,,Sphingolipid metabolism,,,R02543,"Acyl-CoA[c], Sphingosyl-phosphocholine[c]","CoA[c], H+[c], Sphingomyelin[c]","0040, C036","00010, C00080, C0055",,,,
172,172,172,1019,R02760_r,"2,3-Dehydroacyl-CoA:1-acyl-sn-glycerol-3-phosphate 2-O-acyltransferase","1-Acyl-sn-glycerol 3-phosphate[r] + 2,3-Dehydroacyl-CoA[r] <=> CoA[r] + Phosphatidate[r]",2.3.1.51,,-50.0,50,,,Glycerophospholipid metabolism,,,R02760,"1-Acyl-sn-glycerol 3-phosphate[r], 2,3-Dehydroacyl-CoA[r]","CoA[r], Phosphatidate[r]","0681, C006","00010, C0041",,,,
173,173,173,1020,R09381_r,acyl-ACP:1-acyl-sn-glycerol-3-phosphate 2-O-acyltransferase,Acyl-[acyl-carrier protein][r] + 1-Acyl-sn-glycerol 3-phosphate[r] <=> Acyl-carrier protein[r] + Phosphatidate[r],2.3.1.51,,-50.0,50,,,Glycerophospholipid metabolism,,,R09381,"Acyl-[acyl-carrier protein][r], 1-Acyl-sn-glycerol 3-phosphate[r]","Acyl-carrier protein[r], Phosphatidate[r]","0173, C006","00229, C0041",,,,
174,174,174,1042,R10707_a,acetyl-CoA:malonyl-[acyl-carrier protein] C-acetyltransferase (decarboxylating),Acetyl-CoA[a] + H+[a] + Malonyl-[acyl-carrier protein][a] <=> CoA[a] + CO2[a] + Acetoacetyl-[acp][a],2.3.1.180,PF3D7_0211400,-50.0,50,,,Fatty acid metabolism,,,R10707,"Acetyl-CoA[a], H+[a], Malonyl-[acyl-carrier protein][a]","CoA[a], CO2[a], Acetoacetyl-[acp][a]","0024, C00080, C012","00010, C00011, C0574",,,,
175,175,175,1043,R02037_R06868_R06869_c,S-Adenosyl-L-methionine:(methyl)ethanolamine-phosphate N-methyltransferase,3 S-Adenosyl-L-methionine[c] + Ethanolamine phosphate[c] <=> 3 S-Adenosyl-L-homocysteine[c] + 3 H+[c] + Choline phosphate[c],2.1.1.103,PF3D7_1343000,0.0,50,,,Glycerophospholipid metabolism,,,not 1 reaction,"3 S-Adenosyl-L-methionine[c], Ethanolamine phosphate[c]","3 S-Adenosyl-L-homocysteine[c], 3 H+[c], Choline phosphate[c]",03,0058,,,,
176,176,176,1311,R02057_R02038_r,lumpled CDP-ethanolamine,"1,2-Diacyl-sn-glycerol[r] + CTP[r] + Ethanolamine phosphate[r] <=> CMP[r] + H+[r] + Phosphatidylethanolamine[r] + Diphosphate[r]",2.7.8.1+2.7.7.14,PF3D7_0628300:PF3D7_1347700,-50.0,50,,,Glycerophospholipid metabolism,,,not 1 reaction,"1,2-Diacyl-sn-glycerol[r], CTP[r], Ethanolamine phosphate[r]","CMP[r], H+[r], Phosphatidylethanolamine[r], Diphosphate[r]","0641, C00063, C003","00055, C00080, C00350, C0001",,,,
